,chg_volume_corr,chg_pe_corr,chg_pb_corr,chg_ps_corr,chg_pcf_corr
0,0.057106795504104114,0.035400213658753975,0.016810798778656526,0.014503103399149375,-0.027042650090973733
